Workbook

Sheet Slideinfo
A1: WSI name | B1: Cohort | C1: width (x) | D1: height (y) | E1: spacing (x) | F1: spacing (y) | G1: Tumormap QC | H1: Tissuemap QC | I1: Note | J1: QC pass | K1: FinalUse (#N/A = False)
A2: TCGA-3C-AALI-01Z-00-DX1.F6E9A5DF-D8FB-45CF-B4BD-C6B76294C291.svs | B2: TCGA-BRCA | C2: 101184 | D2: 74432 | E2: 0.25 | F2: 0.25 | J2: =AND(G2="",H2="") -> TRUE | K2: =VLOOKUP(A2,IsMaxTumorArea!B$1:C$3437,2,FALSE) -> #N/A
A3: TCGA-3C-AALI-01Z-00-DX2.CF4496E0-AB52-4F3E-BDF5-C34833B91B7C.svs | B3: TCGA-BRCA | C3: 113216 | D3: 81024 | E3: 0.25 | F3: 0.25 | J3: =AND(G3="",H3="") -> TRUE | K3: =VLOOKUP(A3,IsMaxTumorArea!B$1:C$3437,2,FALSE) -> TCGA-BRCA
A4: TCGA-3C-AALJ-01Z-00-DX1.777C0957-255A-42F0-9EEB-A3606BCF0C96.svs | B4: TCGA-BRCA | C4: 95744 | D4: 86336 | E4: 0.25 | F4: 0.25 | J4: =AND(G4="",H4="") -> TRUE | K4: =VLOOKUP(A4,IsMaxTumorArea!B$1:C$3437,2,FALSE) -> TCGA-BRCA
A5: TCGA-3C-AALJ-01Z-00-DX2.62DFE56B-B84C-40F9-9625-FCB55767B70D.svs | B5: TCGA-BRCA | C5: 105152 | D5: 77248 | E5: 0.25 | F5: 0.25 | J5: =AND(G5="",H5="") -> TRUE | K5: =VLOOKUP(A5,IsMaxTumorArea!B$1:C$3437,2,FALSE) -> #N/A
A6: TCGA-3C-AALK-01Z-00-DX1.4E6EB156-BB19-410F-878F-FC0EA7BD0B53.svs | B6: TCGA-BRCA | C6: 95488 | D6: 81920 | E6: 0.25 | F6: 0.25 | J6: =AND(G6="",H6="") -> TRUE | K6: =VLOOKUP(A6,IsMaxTumorArea!B$1:C$3437,2,FALSE) -> TCGA-BRCA
A7: TCGA-4H-AAAK-01Z-00-DX1.ABF1B042-1970-4E28-8671-43AAD393D2F9.svs | B7: TCGA-BRCA | C7: 73704 | D7: 77550 | E7: 0.2525 | F7: 0.2525 | J7: =AND(G7="",H7="") -> TRUE | K7: =VLOOKUP(A7,IsMaxTumorArea!B$1:C$3437,2,FALSE) -> TCGA-BRCA
A8: TCGA-5L-AAT0-01Z-00-DX1.5E171263-30BF-4C6B-88A1-E8EA0522A861.svs | B8: TCGA-BRCA | C8: 61752 | D8: 59840 | E8: 0.2525 | F8: 0.2525 | G8: Non-H&E | H8: Non-H&E | J8: =AND(G8="",H8="") -> FALSE | K8: =VLOOKUP(A8,IsMaxTumorArea!B$1:C$3437,2,FALSE) -> #N/A
A9: TCGA-5L-AAT1-01Z-00-DX1.F3449A5B-2AC4-4ED7-BF44-4C8946CDB47D.svs | B9: TCGA-BRCA | C9: 89640 | D9: 79673 | E9: 0.2525 | F9: 0.2525 | J9: =AND(G9="",H9="") -> TRUE | K9: =VLOOKUP(A9,IsMaxTumorArea!B$1:C$3437,2,FALSE) -> TCGA-BRCA
A10: TCGA-5T-A9QA-01Z-00-DX1.B4212117-E0A7-4EF2-B324-8396042ACEC1.svs | B10: TCGA-BRCA | C10: 103584 | D10: 89511 | E10: 0.2525 | F10: 0.2525 | J10: =AND(G10="",H10="") -> TRUE | K10: =VLOOKUP(A10,IsMaxTumorArea!B$1:C$3437,2,FALSE) -> TCGA-BRCA
A11: TCGA-A1-A0SB-01Z-00-DX1.B34C267B-CAAA-4AB6-AD5C-276C26F997A1.svs | B11: TCGA-BRCA | C11: 112314 | D11: 82945 | E11: 0.25209999 | F11: 0.25209999 | J11: =AND(G11="",H11="") -> TRUE | K11: =VLOOKUP(A11,IsMaxTumorArea!B$1:C$3437,2,FALSE) -> TCGA-BRCA
A12: TCGA-A1-A0SD-01Z-00-DX1.DB17BFA9-D951-42A8-91D2-F4C2EBC6EB9F.svs | B12: TCGA-BRCA | C12: 94075 | D12: 80287 | E12: 0.25209999 | F12: 0.25209999 | J12: =AND(G12="",H12="") -> TRUE | K12: =VLOOKUP(A12,IsMaxTumorArea!B$1:C$3437,2,FALSE) -> TCGA-BRCA
A13: TCGA-A1-A0SE-01Z-00-DX1.04B09232-C6C4-46EF-AA2C-41D078D0A80A.svs | B13: TCGA-BRCA | C13: 122873 | D13: 73336 | E13: 0.25209999 | F13: 0.25209999 | J13: =AND(G13="",H13="") -> TRUE | K13: =VLOOKUP(A13,IsMaxTumorArea!B$1:C$3437,2,FALSE) -> TCGA-BRCA
A14: TCGA-A1-A0SF-01Z-00-DX1.7F252D89-EA78-419F-A969-1B7313D77499.svs | B14: TCGA-BRCA | C14: 65276 | D14: 84727 | E14: 0.25209999 | F14: 0.25209999 | J14: =AND(G14="",H14="") -> TRUE | K14: =VLOOKUP(A14,IsMaxTumorArea!B$1:C$3437,2,FALSE) -> TCGA-BRCA
A15: TCGA-A1-A0SH-01Z-00-DX1.90E71B08-E1D9-4FC2-85AC-062E56DDF17C.svs | B15: TCGA-BRCA | C15: 98874 | D15: 64427 | E15: 0.25209999 | F15: 0.25209999 | J15: =AND(G15="",H15="") -> TRUE | K15: =VLOOKUP(A15,IsMaxTumorArea!B$1:C$3437,2,FALSE) -> TCGA-BRCA
A16: TCGA-A1-A0SI-01Z-00-DX1.AB717348-F964-4F29-BBE2-972B7C640432.svs | B16: TCGA-BRCA | C16: 92155 | D16: 84072 | E16: 0.25209999 | F16: 0.25209999 | J16: =AND(G16="",H16="") -> TRUE | K16: =VLOOKUP(A16,IsMaxTumorArea!B$1:C$3437,2,FALSE) -> TCGA-BRCA
A17: TCGA-A1-A0SJ-01Z-00-DX1.C196FA66-C376-4016-86BC-3D8E745B3A51.svs | B17: TCGA-BRCA | C17: 108474 | D17: 89504 | E17: 0.25209999 | F17: 0.25209999 | J17: =AND(G17="",H17="") -> TRUE | K17: =VLOOKUP(A17,IsMaxTumorArea!B$1:C$3437,2,FALSE) -> TCGA-BRCA
A18: TCGA-A1-A0SK-01Z-00-DX1.A44D70FA-4D96-43F4-9DD7-A61535786297.svs | B18: TCGA-BRCA | C18: 125753 | D18: 75078 | E18: 0.25209999 | F18: 0.25209999 | J18: =AND(G18="",H18="") -> TRUE | K18: =VLOOKUP(A18,IsMaxTumorArea!B$1:C$3437,2,FALSE) -> TCGA-BRCA
A19: TCGA-A1-A0SM-01Z-00-DX1.AD503DBD-4D93-4476-B467-F091254FDF78.svs | B19: TCGA-BRCA | C19: 100794 | D19: 80501 | E19: 0.25209999 | F19: 0.25209999 | J19: =AND(G19="",H19="") -> TRUE | K19: =VLOOKUP(A19,IsMaxTumorArea!B$1:C$3437,2,FALSE) -> TCGA-BRCA
A20: TCGA-A1-A0SN-01Z-00-DX1.5E9B85AE-AFB7-41DC-8A1B-BD6DA39B6540.svs | B20: TCGA-BRCA | C20: 113274 | D20: 72891 | E20: 0.25209999 | F20: 0.25209999 | J20: =AND(G20="",H20="") -> TRUE | K20: =VLOOKUP(A20,IsMaxTumorArea!B$1:C$3437,2,FALSE) -> TCGA-BRCA
... A48: TCGA-A2-A0D0-01Z-00-DX1.4FF6B8E5-703B-400F-920A-104F56E0F874.svs | B48: TCGA-BRCA | C48: 112037 | D48: 88255 | E48: 0.2485 | F48: 0.2485 | J48: =AND(G48="",H48="") -> TRUE | K48: =VLOOKUP(A48,IsMaxTumorArea!B$1:C$3437,2,FALSE) -> TCGA-BRCA
A49: TCGA-A2-A0D3-01Z-00-DX1.D18CE1C0-291D-41C1-8F71-2A0551F8C661.svs | B49: TCGA-BRCA | C49: 103693 | D49: 65863 | E49: 0.25049999 | F49: 0.25049999 | G49: Inaccurate | J49: =AND(G49="",H49="") -> FALSE | K49: =VLOOKUP(A49,IsMaxTumorArea!B$1:C$3437,2,FALSE) -> #N/A
A50: TCGA-A2-A0D4-01Z-00-DX1.35E43827-DABC-4685-A62A-333672923349.svs | B50: TCGA-BRCA | C50: 94801 | D50: 85804 | E50: 0.2485 | F50: 0.2485 | J50: =AND(G50="",H50="") -> TRUE | K50: =VLOOKUP(A50,IsMaxTumorArea!B$1:C$3437,2,FALSE) -> TCGA-BRCA
A51: TCGA-A2-A0EM-01Z-00-DX1.305CF011-7451-4880-9A5D-AB4432CF53A5.svs | B51: TCGA-BRCA | C51: 108207 | D51: 81900 | E51: 0.2485 | F51: 0.2485 | J51: =AND(G51="",H51="") -> TRUE | K51: =VLOOKUP(A51,IsMaxTumorArea!B$1:C$3437,2,FALSE) -> TCGA-BRCA
A52: TCGA-A2-A0EN-01Z-00-DX1.F43A5D17-9267-4963-993A-93AC91BDC031.svs | B52: TCGA-BRCA | C52: 102815 | D52: 88431 | E52: 0.248 | F52: 0.248 | J52: =AND(G52="",H52="") -> TRUE | K52: =VLOOKUP(A52,IsMaxTumorArea!B$1:C$3437,2,FALSE) -> TCGA-BRCA
A53: TCGA-A2-A0EO-01Z-00-DX1.D7A09E23-2CAB-4B3B-814C-BF0BA75B7589.svs | B53: TCGA-BRCA | C53: 106292 | D53: 74771 | E53: 0.2485 | F53: 0.2485 | J53: =AND(G53="",H53="") -> TRUE | K53: =VLOOKUP(A53,IsMaxTumorArea!B$1:C$3437,2,FALSE) -> TCGA-BRCA
A54: TCGA-A2-A0EP-01Z-00-DX1.1180C406-5C18-4373-8621-1B7B70875113.svs | B54: TCGA-BRCA | C54: 112336 | D54: 74817 | E54: 0.2456 | F54: 0.2456 | J54: =AND(G54="",H54="") -> TRUE | K54: =VLOOKUP(A54,IsMaxTumorArea!B$1:C$3437,2,FALSE) -> TCGA-BRCA
A55: TCGA-A2-A0EQ-01Z-00-DX1.5FCD8890-4594-4BE2-93B1-B8F698BFD2A0.svs | B55: TCGA-BRCA | C55: 121613 | D55: 87178 | E55: 0.2485 | F55: 0.2485 | J55: =AND(G55="",H55="") -> TRUE | K55: =VLOOKUP(A55,IsMaxTumorArea!B$1:C$3437,2,FALSE) -> TCGA-BRCA
A56: TCGA-A2-A0ER-01Z-00-DX1.18123C1B-A0CC-4957-9373-5FFAB985C2E8.svs | B56: TCGA-BRCA | C56: 70861 | D56: 79312 | E56: 0.2485 | F56: 0.2485 | J56: =AND(G56="",H56="") -> TRUE | K56: =VLOOKUP(A56,IsMaxTumorArea!B$1:C$3437,2,FALSE) -> TCGA-BRCA
A57: TCGA-A2-A0ES-01Z-00-DX1.5652EE30-48C1-4EC1-AD77-8C72DFCB9A97.svs | B57: TCGA-BRCA | C57: 174742 | D57: 72773 | E57: 0.25049999 | F57: 0.25049999 | J57: =AND(G57="",H57="") -> TRUE | K57: =VLOOKUP(A57,IsMaxTumorArea!B$1:C$3437,2,FALSE) -> TCGA-BRCA
A58: TCGA-A2-A0ET-01Z-00-DX1.41E86BB9-EA52-4615-94E7-0F09DDB094F4.svs | B58: TCGA-BRCA | C58: 90970 | D58: 88630 | E58: 0.2485 | F58: 0.2485 | J58: =AND(G58="",H58="") -> TRUE | K58: =VLOOKUP(A58,IsMaxTumorArea!B$1:C$3437,2,FALSE) -> TCGA-BRCA
A59: TCGA-A2-A0EU-01Z-00-DX1.13335BEB-63D4-469B-A389-8A079A096129.svs | B59: TCGA-BRCA | C59: 84267 | D59: 76940 | E59: 0.2485 | F59: 0.2485 | J59: =AND(G59="",H59="") -> TRUE | K59: =VLOOKUP(A59,IsMaxTumorArea!B$1:C$3437,2,FALSE) -> TCGA-BRCA
A60: TCGA-A2-A0EV-01Z-00-DX1.EA8C5594-BA4F-47A8-949B-D536E00E62C9.svs | B60: TCGA-BRCA | C60: 173323 | D60: 78453 | E60: 0.2485 | F60: 0.2485 | J60: =AND(G60="",H60="") -> TRUE | K60: =VLOOKUP(A60,IsMaxTumorArea!B$1:C$3437,2,FALSE) -> TCGA-BRCA
A61: TCGA-A2-A0EW-01Z-00-DX1.F24495CB-63D8-483F-9834-F761E3F16BF0.svs | B61: TCGA-BRCA | C61: 90251 | D61: 51995 | E61: 0.25049999 | F61: 0.25049999 | J61: =AND(G61="",H61="") -> TRUE | K61: =VLOOKUP(A61,IsMaxTumorArea!B$1:C$3437,2,FALSE) -> TCGA-BRCA
... A123: TCGA-A7-A0CD-01Z-00-DX1.F045B9C8-049C-41BF-8432-EF89F236D34D.svs | B123: TCGA-BRCA | C123: 96152 | D123: 37492 | E123: 0.2465 | F123: 0.2465 | J123: =AND(G123="",H123="") -> TRUE | K123: =VLOOKUP(A123,IsMaxTumorArea!B$1:C$3437,2,FALSE) -> TCGA-BRCA
A124: TCGA-A7-A0CD-01Z-00-DX2.609CED8D-5947-4753-A75B-73A8343B47EC.svs | B124: TCGA-BRCA | C124: 93296 | D124: 45453 | E124: 0.2465 | F124: 0.2465 | G124: No tumor region | J124: =AND(G124="",H124="") -> FALSE | K124: =VLOOKUP(A124,IsMaxTumorArea!B$1:C$3437,2,FALSE) -> #N/A
A125: TCGA-A7-A0CE-01Z-00-DX1.E67322FB-ED25-4B85-B3B0-2B8BD277BB4A.svs | B125: TCGA-BRCA | C125: 191352 | D125: 58998 | E125: 0.2465 | F125: 0.2465 | J125: =AND(G125="",H125="") -> TRUE | K125: =VLOOKUP(A125,IsMaxTumorArea!B$1:C$3437,2,FALSE) -> TCGA-BRCA
A126: TCGA-A7-A0CE-01Z-00-DX2.5AD1DB65-10E7-4996-AB5E-13D7851EC5FA.svs | B126: TCGA-BRCA | C126: 131376 | D126: 54056 | E126: 0.2465 | F126: 0.2465 | J126: =AND(G126="",H126="") -> TRUE | K126: =VLOOKUP(A126,IsMaxTumorArea!B$1:C$3437,2,FALSE) -> #N/A
A127: TCGA-A7-A0CG-01Z-00-DX1.D77019C2-96B1-4EF5-A61E-5F2D5B8D9852.svs | B127: TCGA-BRCA | C127: 142800 | D127: 34647 | E127: 0.2465 | F127: 0.2465 | J127: =AND(G127="",H127="") -> TRUE | K127: =VLOOKUP(A127,IsMaxTumorArea!B$1:C$3437,2,FALSE) -> #N/A
A128: TCGA-A7-A0CG-01Z-00-DX2.81138E90-373A-4C12-B9CA-6EEF5F84A5B5.svs | B128: TCGA-BRCA | C128: 151368 | D128: 38456 | E128: 0.2465 | F128: 0.2465 | J128: =AND(G128="",H128="") -> TRUE | K128: =VLOOKUP(A128,IsMaxTumorArea!B$1:C$3437,2,FALSE) -> TCGA-BRCA
A129: TCGA-A7-A0CH-01Z-00-DX1.48ADDD0B-527A-404C-B794-7D7D35BF861F.svs | B129: TCGA-BRCA | C129: 37128 | D129: 94571 | E129: 0.2465 | F129: 0.2465 | J129: =AND(G129="",H129="") -> TRUE | K129: =VLOOKUP(A129,IsMaxTumorArea!B$1:C$3437,2,FALSE) -> TCGA-BRCA
A130: TCGA-A7-A0CH-01Z-00-DX2.81DDF423-FCA8-46CA-83A4-2E80B611844D.svs | B130: TCGA-BRCA | C130: 30464 | D130: 90263 | E130: 0.2465 | F130: 0.2465 | J130: =AND(G130="",H130="") -> TRUE | K130: =VLOOKUP(A130,IsMaxTumorArea!B$1:C$3437,2,FALSE) -> #N/A
A131: TCGA-A7-A0CJ-01Z-00-DX1.E26F2F62-D688-4373-BB7B-790A06734E49.svs | B131: TCGA-BRCA | C131: 31416 | D131: 77161 | E131: 0.2456 | F131: 0.2456 | J131: =AND(G131="",H131="") -> TRUE | K131: =VLOOKUP(A131,IsMaxTumorArea!B$1:C$3437,2,FALSE) -> #N/A
A132: TCGA-A7-A0CJ-01Z-00-DX2.4B591117-5FC9-4B43-8A45-444CCCABC666.svs | B132: TCGA-BRCA | C132: 39032 | D132: 73883 | E132: 0.2456 | F132: 0.2456 | J132: =AND(G132="",H132="") -> TRUE | K132: =VLOOKUP(A132,IsMaxTumorArea!B$1:C$3437,2,FALSE) -> TCGA-BRCA
A133: TCGA-A7-A0D9-01Z-00-DX1.FBC3B90F-C58B-4476-8354-0AF9248324E3.svs | B133: TCGA-BRCA | C133: 108528 | D133: 34826 | E133: 0.2456 | F133: 0.2456 | J133: =AND(G133="",H133="") -> TRUE | K133: =VLOOKUP(A133,IsMaxTumorArea!B$1:C$3437,2,FALSE) -> TCGA-BRCA
A134: TCGA-A7-A0D9-01Z-00-DX2.66CD9ED8-223B-4AC8-AA1A-2481FB0C47B3.svs | B134: TCGA-BRCA | C134: 108528 | D134: 26729 | E134: 0.2456 | F134: 0.2456 | J134: =AND(G134="",H134="") -> TRUE | K134: =VLOOKUP(A134,IsMaxTumorArea!B$1:C$3437,2,FALSE) -> #N/A
A135: TCGA-A7-A0DA-01Z-00-DX1.5F087009-16E9-4A07-BA24-62340E108B17.svs | B135: TCGA-BRCA | C135: 85680 | D135: 47955 | E135: 0.2456 | F135: 0.2456 | J135: =AND(G135="",H135="") -> TRUE | K135: =VLOOKUP(A135,IsMaxTumorArea!B$1:C$3437,2,FALSE) -> TCGA-BRCA
A136: TCGA-A7-A0DA-01Z-00-DX2.90C93176-C3C6-41B3-B34B-B16F1A1779E6.svs | B136: TCGA-BRCA | C136: 149464 | D136: 35969 | E136: 0.2456 | F136: 0.2456 | J136: =AND(G136="",H136="") -> TRUE | K136: =VLOOKUP(A136,IsMaxTumorArea!B$1:C$3437,2,FALSE) -> #N/A
... A162: TCGA-A7-A3RF-01Z-00-DX1.E60647BC-229D-4409-A564-EE0945F912EE.svs | B162: TCGA-BRCA | C162: 182784 | D162: 54503 | E162: 0.2468 | F162: 0.2468 | J162: =AND(G162="",H162="") -> TRUE | K162: =VLOOKUP(A162,IsMaxTumorArea!B$1:C$3437,2,FALSE) -> TCGA-BRCA
A163: TCGA-A7-A425-01Z-00-DX1.812A94B1-0403-4298-A6C5-F71AFD3A9995.svs | B163: TCGA-BRCA | C163: 160888 | D163: 63794 | E163: 0.2468 | F163: 0.2468 | G163: No tumor region | J163: =AND(G163="",H163="") -> FALSE | K163: =VLOOKUP(A163,IsMaxTumorArea!B$1:C$3437,2,FALSE) -> #N/A
A164: TCGA-A7-A426-01Z-00-DX1.3058E873-9442-4872-80DA-E8A5B35054D2.svs | B164: TCGA-BRCA | C164: 130424 | D164: 38904 | E164: 0.2468 | F164: 0.2468 | J164: =AND(G164="",H164="") -> TRUE | K164: =VLOOKUP(A164,IsMaxTumorArea!B$1:C$3437,2,FALSE) -> TCGA-BRCA
A165: TCGA-A7-A4SA-01Z-00-DX1.B48FFD3E-9B45-4CEA-ACEE-5B08058CCF5F.svs | B165: TCGA-BRCA | C165: 102815 | D165: 33551 | E165: 0.248 | F165: 0.248 | J165: =AND(G165="",H165="") -> TRUE | K165: =VLOOKUP(A165,IsMaxTumorArea!B$1:C$3437,2,FALSE) -> TCGA-BRCA
A166: TCGA-A7-A4SB-01Z-00-DX1.E8925605-5189-441E-A719-92CFC1118B0B.svs | B166: TCGA-BRCA | C166: 90439 | D166: 80048 | E166: 0.248 | F166: 0.248 | J166: =AND(G166="",H166="") -> TRUE | K166: =VLOOKUP(A166,IsMaxTumorArea!B$1:C$3437,2,FALSE) -> TCGA-BRCA
A167: TCGA-A7-A4SC-01Z-00-DX1.171E89D2-2D64-4C3F-A42C-B1167654858B.svs | B167: TCGA-BRCA | C167: 105671 | D167: 63865 | E167: 0.248 | F167: 0.248 | G167: Inaccurate | J167: =AND(G167="",H167="") -> FALSE | K167: =VLOOKUP(A167,IsMaxTumorArea!B$1:C$3437,2,FALSE) -> #N/A
A168: TCGA-A7-A4SD-01Z-00-DX1.677152B3-17B2-42DB-AEEC-C9509ACCE831.svs | B168: TCGA-BRCA | C168: 134232 | D168: 41193 | E168: 0.2468 | F168: 0.2468 | J168: =AND(G168="",H168="") -> TRUE | K168: =VLOOKUP(A168,IsMaxTumorArea!B$1:C$3437,2,FALSE) -> TCGA-BRCA
A169: TCGA-A7-A4SE-01Z-00-DX1.16BC8401-E40E-4A1A-9BD9-12735C9AE3F6.svs | B169: TCGA-BRCA | C169: 116144 | D169: 40272 | E169: 0.2468 | F169: 0.2468 | J169: =AND(G169="",H169="") -> TRUE | K169: =VLOOKUP(A169,IsMaxTumorArea!B$1:C$3437,2,FALSE) -> TCGA-BRCA
A170: TCGA-A7-A4SF-01Z-00-DX1.CDCFD4BC-4363-4CF2-95F5-4922E04C3B9D.svs | B170: TCGA-BRCA | C170: 28560 | D170: 40756 | E170: 0.2468 | F170: 0.2468 | J170: =AND(G170="",H170="") -> TRUE | K170: =VLOOKUP(A170,IsMaxTumorArea!B$1:C$3437,2,FALSE) -> TCGA-BRCA
A171: TCGA-A7-A56D-01Z-00-DX1.87D9CCF4-04EE-46D2-B7FC-A83561D7752C.svs | B171: TCGA-BRCA | C171: 181832 | D171: 43520 | E171: 0.2456 | F171: 0.2456 | J171: =AND(G171="",H171="") -> TRUE | K171: =VLOOKUP(A171,IsMaxTumorArea!B$1:C$3437,2,FALSE) -> TCGA-BRCA
A172: TCGA-A7-A5ZV-01Z-00-DX1.21F2EA4A-4F31-43D6-A036-E20E326AF37E.svs | B172: TCGA-BRCA | C172: 145656 | D172: 49405 | E172: 0.2465 | F172: 0.2465 | J172: =AND(G172="",H172="") -> TRUE | K172: =VLOOKUP(A172,IsMaxTumorArea!B$1:C$3437,2,FALSE) -> TCGA-BRCA
A173: TCGA-A7-A5ZW-01Z-00-DX1.5F571EE3-A1A3-4604-BE89-1A46E0EC508B.svs | B173: TCGA-BRCA | C173: 119952 | D173: 24046 | E173: 0.2465 | F173: 0.2465 | J173: =AND(G173="",H173="") -> TRUE | K173: =VLOOKUP(A173,IsMaxTumorArea!B$1:C$3437,2,FALSE) -> TCGA-BRCA
A174: TCGA-A7-A5ZX-01Z-00-DX1.A4C651F0-DB8E-4534-84A2-AD875F62209F.svs | B174: TCGA-BRCA | C174: 94248 | D174: 63197 | E174: 0.2465 | F174: 0.2465 | J174: =AND(G174="",H174="") -> TRUE | K174: =VLOOKUP(A174,IsMaxTumorArea!B$1:C$3437,2,FALSE) -> TCGA-BRCA
A175: TCGA-A7-A5ZX-01Z-00-DX2.02F586FE-4775-480B-8035-D6AD3386F45D.svs | B175: TCGA-BRCA | C175: 128520 | D175: 41342 | E175: 0.2456 | F175: 0.2456 | G175: No tumor region | J175: =AND(G175="",H175="") -> FALSE | K175: =VLOOKUP(A175,IsMaxTumorArea!B$1:C$3437,2,FALSE) -> #N/A
A176: TCGA-A7-A6VV-01Z-00-DX1.07AE0E16-A883-4C86-BC74-4E13081175F2.svs | B176: TCGA-BRCA | C176: 59976 | D176: 47221 | E176: 0.2468 | F176: 0.2468 | J176: =AND(G176="",H176="") -> TRUE | K176: =VLOOKUP(A176,IsMaxTumorArea!B$1:C$3437,2,FALSE) -> TCGA-BRCA
A177: TCGA-A7-A6VV-01Z-00-DX2.4C2BF8C1-CC84-4A6E-BC0F-430BC8BE6B26.svs | B177: TCGA-BRCA | C177: 99008 | D177: 89026 | E177: 0.2468 | F177: 0.2468 | G177: No tumor region | J177: =AND(G177="",H177="") -> FALSE | K177: =VLOOKUP(A177,IsMaxTumorArea!B$1:C$3437,2,FALSE) -> #N/A
A178: TCGA-A7-A6VW-01Z-00-DX1.1BC4790C-DB45-4A3D-9C97-92C92C03FF60.svs | B178: TCGA-BRCA | C178: 137088 | D178: 31461 | E178: 0.2456 | F178: 0.2456 | J178: =AND(G178="",H178="") -> TRUE | K178: =VLOOKUP(A178,IsMaxTumorArea!B$1:C$3437,2,FALSE) -> TCGA-BRCA
A179: TCGA-A7-A6VX-01Z-00-DX1.F74DA243-C65A-4997-BCA0-F1C89675978C.svs | B179: TCGA-BRCA | C179: 134232 | D179: 35910 | E179: 0.2456 | F179: 0.2456 | J179: =AND(G179="",H179="") -> TRUE | K179: =VLOOKUP(A179,IsMaxTumorArea!B$1:C$3437,2,FALSE) -> TCGA-BRCA
A180: TCGA-A7-A6VX-01Z-00-DX2.9EE94B59-6A2C-4507-AA4F-DC6402F2B74F.svs | B180: TCGA-BRCA | C180: 46648 | D180: 35918 | E180: 0.2456 | F180: 0.2456 | G180: No tumor region | J180: =AND(G180="",H180="") -> FALSE | K180: =VLOOKUP(A180,IsMaxTumorArea!B$1:C$3437,2,FALSE) -> #N/A
A181: TCGA-A7-A6VY-01Z-00-DX1.38D4EBD7-40B0-4EE3-960A-1F00E8F83ADB.svs | B181: TCGA-BRCA | C181: 110432 | D181: 39625 | E181: 0.2456 | F181: 0.2456 | J181: =AND(G181="",H181="") -> TRUE | K181: =VLOOKUP(A181,IsMaxTumorArea!B$1:C$3437,2,FALSE) -> TCGA-BRCA
A182: TCGA-A8-A06N-01Z-00-DX1.E25E65F8-DFE0-47CF-9FAB-B82EE8E321F7.svs | B182: TCGA-BRCA | C182: 48896 | D182: 54016 | E182: 0.2325 | F182: 0.2325 | J182: =AND(G182="",H182="") -> TRUE | K182: =VLOOKUP(A182,IsMaxTumorArea!B$1:C$3437,2,FALSE) -> TCGA-BRCA
A183: TCGA-A8-A06O-01Z-00-DX1.FA4495B2-5B13-4448-ADCB-EF5316E0955B.svs | B183: TCGA-BRCA | C183: 45312 | D183: 53504 | E183: 0.2325 | F183: 0.2325 | J183: =AND(G183="",H183="") -> TRUE | K183: =VLOOKUP(A183,IsMaxTumorArea!B$1:C$3437,2,FALSE) -> TCGA-BRCA
A184: TCGA-A8-A06P-01Z-00-DX1.37660D0F-1595-43C5-9D30-58D6CB93B52C.svs | B184: TCGA-BRCA | C184: 39168 | D184: 54016 | E184: 0.2325 | F184: 0.2325 | J184: =AND(G184="",H184="") -> TRUE | K184: =VLOOKUP(A184,IsMaxTumorArea!B$1:C$3437,2,FALSE) -> TCGA-BRCA
A185: TCGA-A8-A06Q-01Z-00-DX1.622AC6E4-DB1A-4C8D-8185-52D4FD1F30B4.svs | B185: TCGA-BRCA | C185: 50432 | D185: 34048 | E185: 0.2325 | F185: 0.2325 | J185: =AND(G185="",H185="") -> TRUE | K185: =VLOOKUP(A185,IsMaxTumorArea!B$1:C$3437,2,FALSE) -> TCGA-BRCA
A186: TCGA-A8-A06R-01Z-00-DX1.41476D0D-BA72-4FB8-B143-9EB679F26D28.svs | B186: TCGA-BRCA | C186: 43264 | D186: 34560 | E186: 0.2325 | F186: 0.2325 | J186: =AND(G186="",H186="") -> TRUE | K186: =VLOOKUP(A186,IsMaxTumorArea!B$1:C$3437,2,FALSE) -> TCGA-BRCA
A187: TCGA-A8-A06T-01Z-00-DX1.BA8B8FC3-6169-48C1-BE1F-37F140CB4D3B.svs | B187: TCGA-BRCA | C187: 44288 | D187: 41216 | E187: 0.2325 | F187: 0.2325 | J187: =AND(G187="",H187="") -> TRUE | K187: =VLOOKUP(A187,IsMaxTumorArea!B$1:C$3437,2,FALSE) -> TCGA-BRCA
A188: TCGA-A8-A06U-01Z-00-DX1.56070AB9-A73E-44B8-8051-D93E8F881BBE.svs | B188: TCGA-BRCA | C188: 40704 | D188: 45824 | E188: 0.2325 | F188: 0.2325 | J188: =AND(G188="",H188="") -> TRUE | K188: =VLOOKUP(A188,IsMaxTumorArea!B$1:C$3437,2,FALSE) -> TCGA-BRCA
A189: TCGA-A8-A06X-01Z-00-DX1.21F19EDD-ABCB-4398-B210-D795BB7A34E3.svs | B189: TCGA-BRCA | C189: 46848 | D189: 62208 | E189: 0.2325 | F189: 0.2325 | J189: =AND(G189="",H189="") -> TRUE | K189: =VLOOKUP(A189,IsMaxTumorArea!B$1:C$3437,2,FALSE) -> TCGA-BRCA
A190: TCGA-A8-A06Y-01Z-00-DX1.3BC58446-524E-43F3-AAE6-FBC4AA543E66.svs | B190: TCGA-BRCA | C190: 46848 | D190: 32000 | E190: 0.2325 | F190: 0.2325 | J190: =AND(G190="",H190="") -> TRUE | K190: =VLOOKUP(A190,IsMaxTumorArea!B$1:C$3437,2,FALSE) -> TCGA-BRCA
A191: TCGA-A8-A06Z-01Z-00-DX1.2BC8B71D-E01B-4CC1-B5E7-09BB54A5E1F8.svs | B191: TCGA-BRCA | C191: 56576 | D191: 38144 | E191: 0.2325 | F191: 0.2325 | J191: =AND(G191="",H191="") -> TRUE | K191: =VLOOKUP(A191,IsMaxTumorArea!B$1:C$3437,2,FALSE) -> TCGA-BRCA
A192: TCGA-A8-A075-01Z-00-DX1.8E06AF51-951F-48E8-934E-42A455F65E5F.svs | B192: TCGA-BRCA | C192: 40704 | D192: 58624 | E192: 0.2325 | F192: 0.2325 | J192: =AND(G192="",H192="") -> TRUE | K192: =VLOOKUP(A192,IsMaxTumorArea!B$1:C$3437,2,FALSE) -> TCGA-BRCA
... A272: TCGA-AC-A2FB-01Z-00-DX1.A4D93E32-BBD7-45E4-8ACF-3724B059ECBC.svs | B272: TCGA-BRCA | C272: 63310 | D272: 26793 | E272: 0.252 | F272: 0.252 | J272: =AND(G272="",H272="") -> TRUE | K272: =VLOOKUP(A272,IsMaxTumorArea!B$1:C$3437,2,FALSE) -> TCGA-BRCA
A273: TCGA-AC-A2FE-01Z-00-DX1.C036AE58-3C0D-4DBF-B658-296D03FD6701.svs | B273: TCGA-BRCA | C273: 47808 | D273: 37716 | E273: 0.2457 | F273: 0.2457 | G273: Inaccurate | J273: =AND(G273="",H273="") -> FALSE | K273: =VLOOKUP(A273,IsMaxTumorArea!B$1:C$3437,2,FALSE) -> #N/A
A274: TCGA-AC-A2FF-01Z-00-DX1.012DAC86-E05C-44FA-81C2-FE4C754F409C.svs | B274: TCGA-BRCA | C274: 95924 | D274: 68649 | E274: 0.252 | F274: 0.252 | J274: =AND(G274="",H274="") -> TRUE | K274: =VLOOKUP(A274,IsMaxTumorArea!B$1:C$3437,2,FALSE) -> TCGA-BRCA
A275: TCGA-AC-A2FG-01Z-00-DX1.0F13DE40-9F7A-42C6-AB3D-02E8521B690A.svs | B275: TCGA-BRCA | C275: 39329 | D275: 28371 | E275: 0.252 | F275: 0.252 | J275: =AND(G275="",H275="") -> TRUE | K275: =VLOOKUP(A275,IsMaxTumorArea!B$1:C$3437,2,FALSE) -> TCGA-BRCA
A276: TCGA-AC-A2FK-01Z-00-DX1.033F3C27-9860-4EF3-9330-37DE5EC45724.svs | B276: TCGA-BRCA | C276: 28777 | D276: 31328 | E276: 0.252 | F276: 0.252 | J276: =AND(G276="",H276="") -> TRUE | K276: =VLOOKUP(A276,IsMaxTumorArea!B$1:C$3437,2,FALSE) -> TCGA-BRCA
A277: TCGA-AC-A2FM-01Z-00-DX1.5D2309D5-C47B-4B04-B7B8-2F0685842889.svs | B277: TCGA-BRCA | C277: 53717 | D277: 37361 | E277: 0.252 | F277: 0.252 | J277: =AND(G277="",H277="") -> TRUE | K277: =VLOOKUP(A277,IsMaxTumorArea!B$1:C$3437,2,FALSE) -> TCGA-BRCA
A278: TCGA-AC-A2FO-01Z-00-DX1.46929316-D7ED-4D69-B068-409BFFBCEC4D.svs | B278: TCGA-BRCA | C278: 27818 | D278: 31316 | E278: 0.252 | F278: 0.252 | J278: =AND(G278="",H278="") -> TRUE | K278: =VLOOKUP(A278,IsMaxTumorArea!B$1:C$3437,2,FALSE) -> TCGA-BRCA
A279: TCGA-AC-A2QH-01Z-00-DX1.00B8BFFF-F1E2-4F99-A969-8DD7EE4F8E0B.svs | B279: TCGA-BRCA | C279: 75208 | D279: 38098 | E279: 0.2462 | F279: 0.2462 | J279: =AND(G279="",H279="") -> TRUE | K279: =VLOOKUP(A279,IsMaxTumorArea!B$1:C$3437,2,FALSE) -> TCGA-BRCA
A280: TCGA-AC-A2QI-01Z-00-DX1.977549F4-D866-4465-85FB-5C916282A488.svs | B280: TCGA-BRCA | C280: 40936 | D280: 50555 | E280: 0.2462 | F280: 0.2462 | J280: =AND(G280="",H280="") -> TRUE | K280: =VLOOKUP(A280,IsMaxTumorArea!B$1:C$3437,2,FALSE) -> TCGA-BRCA
A281: TCGA-AC-A2QJ-01Z-00-DX1.48C303BB-5A23-4037-BD28-77629A8CD9DA.svs | B281: TCGA-BRCA | C281: 61880 | D281: 58679 | E281: 0.2462 | F281: 0.2462 | J281: =AND(G281="",H281="") -> TRUE | K281: =VLOOKUP(A281,IsMaxTumorArea!B$1:C$3437,2,FALSE) -> TCGA-BRCA
A282: TCGA-AC-A3BB-01Z-00-DX1.CE889249-2A5E-44DA-B04E-746BE82CD805.svs | B282: TCGA-BRCA | C282: 36451 | D282: 57504 | E282: 0.252 | F282: 0.252 | J282: =AND(G282="",H282="") -> TRUE | K282: =VLOOKUP(A282,IsMaxTumorArea!B$1:C$3437,2,FALSE) -> TCGA-BRCA
A283: TCGA-AC-A3EH-01Z-00-DX1.30160436-4DE9-4F99-87E2-214E3CA47289.svs | B283: TCGA-BRCA | C283: 45816 | D283: 31473 | E283: 0.2457 | F283: 0.2457 | J283: =AND(G283="",H283="") -> TRUE | K283: =VLOOKUP(A283,IsMaxTumorArea!B$1:C$3437,2,FALSE) -> TCGA-BRCA
A284: TCGA-AC-A3HN-01Z-00-DX1.1AA71B9B-1B61-41A9-91CF-B7649DEC189E.svs | B284: TCGA-BRCA | C284: 73704 | D284: 70894 | E284: 0.2457 | F284: 0.2457 | J284: =AND(G284="",H284="") -> TRUE | K284: =VLOOKUP(A284,IsMaxTumorArea!B$1:C$3437,2,FALSE) -> TCGA-BRCA
A285: TCGA-AC-A3OD-01Z-00-DX1.E19B311B-BAB1-4CE8-9421-B49D5BE4537E.svs | B285: TCGA-BRCA | C285: 37141 | D285: 22583 | E285: 0.252 | F285: 0.252 | J285: =AND(G285="",H285="") -> TRUE | K285: =VLOOKUP(A285,IsMaxTumorArea!B$1:C$3437,2,FALSE) -> TCGA-BRCA
... A294: TCGA-AC-A3YJ-01Z-00-DX1.8E665F69-FD8C-419A-871F-3AEE2E5A3A60.svs | B294: TCGA-BRCA | C294: 47808 | D294: 48717 | E294: 0.2457 | F294: 0.2457 | J294: =AND(G294="",H294="") -> TRUE | K294: =VLOOKUP(A294,IsMaxTumorArea!B$1:C$3437,2,FALSE) -> TCGA-BRCA
A295: TCGA-AC-A4ZE-01Z-00-DX1.A9BB4DBC-4314-4A77-AA1C-0882DBC370F1.svs | B295: TCGA-BRCA | C295: 25899 | D295: 27755 | E295: 0.252 | F295: 0.252 | H295: Misclassificaiton of EPI vs LYM | J295: =AND(G295="",H295="") -> FALSE | K295: =VLOOKUP(A295,IsMaxTumorArea!B$1:C$3437,2,FALSE) -> #N/A
A296: TCGA-AC-A5EH-01Z-00-DX1.DF59B26B-379F-4047-B7AE-4493810D30A0.svs | B296: TCGA-BRCA | C296: 59473 | D296: 55921 | E296: 0.252 | F296: 0.252 | J296: =AND(G296="",H296="") -> TRUE | K296: =VLOOKUP(A296,IsMaxTumorArea!B$1:C$3437,2,FALSE) -> TCGA-BRCA
A297: TCGA-AC-A5EI-01Z-00-DX1.A174D91A-730E-460C-AE73-46CA1E5B177B.svs | B297: TCGA-BRCA | C297: 47003 | D297: 66215 | E297: 0.252 | F297: 0.252 | G297: Low quality | J297: =AND(G297="",H297="") -> FALSE | K297: =VLOOKUP(A297,IsMaxTumorArea!B$1:C$3437,2,FALSE) -> #N/A
A298: TCGA-AC-A5XS-01Z-00-DX1.E5F2481E-9314-4B20-84B7-370EF82AF4BB.svs | B298: TCGA-BRCA | C298: 32614 | D298: 26795 | E298: 0.252 | F298: 0.252 | J298: =AND(G298="",H298="") -> TRUE | K298: =VLOOKUP(A298,IsMaxTumorArea!B$1:C$3437,2,FALSE) -> TCGA-BRCA
A299: TCGA-AC-A5XU-01Z-00-DX1.1AEEFAAF-0906-4086-8022-13B689FAB9F5.svs | B299: TCGA-BRCA | C299: 56595 | D299: 63763 | E299: 0.252 | F299: 0.252 | J299: =AND(G299="",H299="") -> TRUE | K299: =VLOOKUP(A299,IsMaxTumorArea!B$1:C$3437,2,FALSE) -> TCGA-BRCA
A300: TCGA-AC-A62V-01Z-00-DX1.2D8994FD-58B8-43C1-B99D-AA964E7DFD60.svs | B300: TCGA-BRCA | C300: 37410 | D300: 18719 | E300: 0.252 | F300: 0.252 | J300: =AND(G300="",H300="") -> TRUE | K300: =VLOOKUP(A300,IsMaxTumorArea!B$1:C$3437,2,FALSE) -> TCGA-BRCA
...

Sheet IsMaxTumorArea
A1: Barcode | B1: Slidename | C1: Cohort
A2: TCGA-2E-A9G8 | B2: TCGA-2E-A9G8-01Z-00-DX1.DCD3E31B-1774-40BA-805F-52FB9801D6C0.svs | C2: =VLOOKUP(B2,Slideinfo!A$2:B$3947,2,FALSE) -> TCGA-UCEC
A3: TCGA-2J-AAB1 | B3: TCGA-2J-AAB1-01Z-00-DX1.F3B4818F-9C3B-4C66-8241-0570B2873EC9.svs | C3: =VLOOKUP(B3,Slideinfo!A$2:B$3947,2,FALSE) -> TCGA-PAAD
A4: TCGA-2J-AAB4 | B4: TCGA-2J-AAB4-01Z-00-DX1.480BBC89-87E5-4F6B-B0E9-A6A8A7F4DB5E.svs | C4: =VLOOKUP(B4,Slideinfo!A$2:B$3947,2,FALSE) -> TCGA-PAAD
A5: TCGA-2J-AAB6 | B5: TCGA-2J-AAB6-01Z-00-DX1.2FC4D66F-BFBB-48FA-AFCB-ABBC12F37E14.svs | C5: =VLOOKUP(B5,Slideinfo!A$2:B$3947,2,FALSE) -> TCGA-PAAD
A6: TCGA-2J-AAB8 | B6: TCGA-2J-AAB8-01Z-00-DX1.6ED96ECC-50A5-4957-A7A8-EDDC0E3447AF.svs | C6: =VLOOKUP(B6,Slideinfo!A$2:B$3947,2,FALSE) -> TCGA-PAAD
A7: TCGA-2J-AAB9 | B7: TCGA-2J-AAB9-01Z-00-DX1.F39B4CC5-02D0-4F38-90B5-CDF507EEABE1.svs | C7: =VLOOKUP(B7,Slideinfo!A$2:B$3947,2,FALSE) -> TCGA-PAAD
A8: TCGA-2J-AABE | B8: TCGA-2J-AABE-01Z-00-DX1.F3951485-1412-4B86-80FB-64F72A2A87DD.svs | C8: =VLOOKUP(B8,Slideinfo!A$2:B$3947,2,FALSE) -> TCGA-PAAD
A9: TCGA-2J-AABF | B9: TCGA-2J-AABF-01Z-00-DX1.4895FC60-5DC3-4B36-97AB-634AC54E5B3E.svs | C9: =VLOOKUP(B9,Slideinfo!A$2:B$3947,2,FALSE) -> TCGA-PAAD
A10: TCGA-2J-AABH | B10: TCGA-2J-AABH-01Z-00-DX1.EDC36BC9-F6F9-4253-93FB-8B75D8D55BE0.svs | C10: =VLOOKUP(B10,Slideinfo!A$2:B$3947,2,FALSE) -> TCGA-PAAD
A11: TCGA-2J-AABI | B11: TCGA-2J-AABI-01Z-00-DX1.3D4AC096-FF28-4BAE-9DA2-43247C36BD24.svs | C11: =VLOOKUP(B11,Slideinfo!A$2:B$3947,2,FALSE) -> TCGA-PAAD
A12: TCGA-2J-AABK | B12: TCGA-2J-AABK-01Z-00-DX1.AF5DE1FD-40EE-4149-8918-B53EC2DF727E.svs | C12: =VLOOKUP(B12,Slideinfo!A$2:B$3947,2,FALSE) -> TCGA-PAAD
A13: TCGA-2J-AABO | B13: TCGA-2J-AABO-01Z-00-DX1.0AFA66C7-C6F7-4B74-AA3E-8900F231A193.svs | C13: =VLOOKUP(B13,Slideinfo!A$2:B$3947,2,FALSE) -> TCGA-PAAD
... A3438: TCGA-ZQ-A9CR | B3438: TCGA-ZQ-A9CR-01Z-00-DX1.C9AC9991-7054-4068-A7AA-9D1EB7F040A3.svs | C3438: =VLOOKUP(B3438,Slideinfo!A$2:B$3947,2,FALSE) -> TCGA-STAD

Sheet Sheet1
A3: 行标签 | B3: 计数项:Barcode
A4: TCGA-BRCA | B4: 1010
A5: TCGA-COAD | B5: 420
A6: TCGA-LUAD | B6: 455
A7: TCGA-LUSC | B7: 455
A8: TCGA-OV | B8: 101
A9: TCGA-PAAD | B9: 165
A10: TCGA-STAD | B10: 356
A11: TCGA-UCEC | B11: 475
A12: 总计 | B12: 3437
